,Name,Age,Tm,Lg,W,L,W-L%,ERA,G,GS,GF,CG,SHO,SV,IP,H,R,ER,HR,BB,IBB,SO,HBP,BK,WP,BF,ERA+,FIP,WHIP,H9,HR9,BB9,SO9,SO/W
0,Bryan Abreu,25,HOU,AL,4,0,1.0,1.94,55,0,18,0,0,2,60.1,45,16,13,2,26,0,88,4,0,7,248,200,2.12,1.177,6.7,0.3,3.9,13.1,3.38
1,Joan Adon,23,WSN,NL,1,12,0.077,7.1,14,14,0,0,0,0,64.2,76,53,51,8,39,1,55,6,0,7,310,55,5.11,1.778,10.6,1.1,5.4,7.7,1.41
2,Keegan Akin,27,BAL,AL,3,3,0.5,3.2,45,1,10,0,0,2,81.2,69,35,29,10,20,0,77,1,0,1,329,126,3.59,1.09,7.6,1.1,2.2,8.5,3.85
3,Sandy Alcantara,26,MIA,NL,14,9,0.609,2.28,32,32,0,6,1,0,228.2,174,67,58,16,50,1,207,9,0,3,886,178,2.99,0.98,6.8,0.6,2.0,8.1,4.14
4,Jason Alexander,29,MIL,NL,2,3,0.4,5.4,18,11,3,0,0,0,71.2,88,47,43,12,28,0,46,4,0,1,321,73,5.34,1.619,11.1,1.5,3.5,5.8,1.64
5,Tyler Alexander,27,DET,AL,4,11,0.267,4.81,27,17,1,0,0,0,101.0,108,58,54,18,25,1,61,1,0,0,427,79,4.99,1.317,9.6,1.6,2.2,5.4,2.44
6,Ian Anderson,24,ATL,NL,10,6,0.625,5.0,22,22,0,0,0,0,111.2,115,63,62,12,54,0,97,1,0,4,493,81,4.25,1.513,9.3,1.0,4.4,7.8,1.8
7,Tyler Anderson,32,LAD,NL,15,5,0.75,2.57,30,28,0,0,0,0,178.2,145,57,51,14,34,0,138,9,0,6,707,163,3.31,1.002,7.3,0.7,1.7,7.0,4.06
8,Chris Archer,33,MIN,AL,2,8,0.2,4.56,25,25,0,0,0,0,102.2,87,56,52,12,48,0,84,3,0,3,437,85,4.49,1.315,7.6,1.1,4.2,7.4,1.75
9,Shawn Armstrong,31,TOT,MLB,2,3,0.4,4.38,50,3,19,0,0,2,61.2,66,32,30,7,17,2,66,4,0,3,269,85,3.47,1.346,9.6,1.0,2.5,9.6,3.88
10,Shawn Armstrong,31,TBR,AL,2,3,0.4,3.6,43,3,18,0,0,2,55.0,56,22,22,6,14,2,61,4,0,2,235,101,3.29,1.273,9.2,1.0,2.3,10.0,4.36
11,Aaron Ashby,24,MIL,NL,2,10,0.167,4.44,27,19,2,0,0,1,107.1,106,62,53,15,47,0,126,6,1,7,475,89,4.06,1.425,8.9,1.3,3.9,10.6,2.68
12,Graham Ashcraft,24,CIN,NL,5,6,0.455,4.89,19,19,0,0,0,0,105.0,119,61,57,11,30,1,71,8,0,9,464,92,4.21,1.419,10.2,0.9,2.6,6.1,2.37
13,Bryan Baker,27,BAL,AL,4,3,0.571,3.49,66,2,11,0,0,1,69.2,60,29,27,3,26,1,76,3,0,2,291,115,2.74,1.234,7.8,0.4,3.4,9.8,2.92
14,Tanner Banks,30,CHW,AL,2,0,1.0,3.06,35,0,15,0,0,0,53.0,42,25,18,5,18,0,49,1,0,2,217,131,3.56,1.132,7.1,0.8,3.1,8.3,2.72
15,Daniel Bard,37,COL,NL,6,4,0.6,1.79,57,0,48,0,0,34,60.1,35,15,12,3,25,1,69,3,0,3,245,262,2.86,0.994,5.2,0.4,3.7,10.3,2.76
16,Scott Barlow,29,KCR,AL,7,4,0.636,2.18,69,0,47,0,0,24,74.1,52,23,18,9,22,1,77,3,0,5,290,188,3.62,0.996,6.3,1.1,2.7,9.3,3.5
17,Jaime Barria,25,LAA,AL,3,3,0.5,2.61,35,1,21,0,0,0,79.1,63,29,23,11,19,0,54,3,0,3,316,154,4.39,1.034,7.1,1.2,2.2,6.1,2.84
18,Chris Bassitt,33,NYM,NL,15,9,0.625,3.42,30,30,0,0,0,0,181.2,159,71,69,19,49,0,167,13,1,5,745,113,3.66,1.145,7.9,0.9,2.4,8.3,3.41
19,Félix Bautista,27,BAL,AL,4,4,0.5,2.19,65,0,30,0,0,15,65.2,38,18,16,7,23,1,88,1,0,2,253,183,2.91,0.929,5.2,1.0,3.2,12.1,3.83
20,David Bednar,27,PIT,NL,3,4,0.429,2.61,45,0,34,0,0,19,51.2,42,19,15,4,16,2,69,1,1,2,210,159,2.43,1.123,7.3,0.7,2.8,12.0,4.31
21,Tyler Beede,29,TOT,NL,2,5,0.286,5.14,31,5,6,0,0,0,61.1,71,37,35,7,29,2,39,5,0,5,285,81,4.99,1.63,10.4,1.0,4.3,5.7,1.34
22,Tyler Beede,29,PIT,NL,2,5,0.286,5.23,25,5,3,0,0,0,51.2,57,32,30,6,23,2,35,5,0,4,237,80,4.89,1.548,9.9,1.0,4.0,6.1,1.52
23,Jalen Beeks,28,TBR,AL,2,3,0.4,2.8,42,7,8,0,0,2,61.0,49,22,19,7,22,0,70,2,0,3,250,130,3.49,1.164,7.2,1.0,3.2,10.3,3.18
24,Brayan Bello,23,BOS,AL,2,8,0.2,4.71,13,11,0,1,0,0,57.1,75,34,30,1,27,1,55,2,0,2,268,90,2.94,1.779,11.8,0.2,4.2,8.6,2.04
25,José Berríos,28,TOR,AL,12,7,0.632,5.23,32,32,0,0,0,0,172.0,199,103,100,29,45,0,149,11,0,3,753,74,4.55,1.419,10.4,1.5,2.4,7.8,3.31
26,Phil Bickford,26,LAD,NL,2,1,0.667,4.72,60,0,13,0,0,0,61.0,53,33,32,12,14,0,67,2,0,0,247,89,4.26,1.098,7.8,1.8,2.1,9.9,4.79
27,Shane Bieber,27,CLE,AL,13,8,0.619,2.88,31,31,0,1,0,0,200.0,172,70,64,18,36,0,198,2,1,5,791,132,2.87,1.04,7.7,0.8,1.6,8.9,5.5
28,Paul Blackburn,28,OAK,AL,7,6,0.538,4.28,21,21,0,0,0,0,111.1,110,53,53,15,30,2,89,5,0,1,467,87,4.21,1.257,8.9,1.2,2.4,7.2,2.97
29,Kyle Bradish,25,BAL,AL,4,7,0.364,4.9,23,23,0,0,0,0,117.2,119,68,64,17,46,0,111,7,0,7,509,82,4.45,1.402,9.1,1.3,3.5,8.5,2.41
30,Matt Brash,24,SEA,AL,4,4,0.5,4.44,39,5,3,0,0,0,50.2,46,25,25,3,33,1,62,2,0,3,222,84,3.51,1.559,8.2,0.5,5.9,11.0,1.88
31,Beau Brieske,24,DET,AL,3,6,0.333,4.19,15,15,0,0,0,0,81.2,73,39,38,14,25,0,54,1,1,2,339,90,4.97,1.2,8.0,1.5,2.8,6.0,2.16
32,JT Brubaker,28,PIT,NL,3,12,0.2,4.69,28,28,0,0,0,0,144.0,157,85,75,17,54,0,147,9,2,6,646,88,3.92,1.465,9.8,1.1,3.4,9.2,2.72
33,Kris Bubic,24,KCR,AL,3,13,0.188,5.58,28,27,1,0,0,0,129.0,156,87,80,18,63,0,110,4,1,4,587,73,4.78,1.698,10.9,1.3,4.4,7.7,1.75
34,Walker Buehler,27,LAD,NL,6,3,0.667,4.02,12,12,0,1,1,0,65.0,67,30,29,8,17,0,58,2,0,1,274,105,3.8,1.292,9.3,1.1,2.4,8.0,3.41
35,Madison Bumgarner,32,ARI,NL,7,15,0.318,4.88,30,30,0,0,0,0,158.2,179,97,86,25,49,0,112,9,0,2,698,82,4.85,1.437,10.2,1.4,2.8,6.4,2.29
36,Dylan Bundy,29,MIN,AL,8,8,0.5,4.89,29,29,0,0,0,0,140.0,151,79,76,24,28,0,94,3,0,3,595,79,4.66,1.279,9.7,1.5,1.8,6.0,3.36
37,Brock Burke,25,TEX,AL,7,5,0.583,1.97,52,0,5,0,0,0,82.1,63,25,18,9,24,1,90,2,1,2,328,200,3.29,1.057,6.9,1.0,2.6,9.8,3.75
38,Corbin Burnes,27,MIL,NL,12,8,0.6,2.94,33,33,0,0,0,0,202.0,144,73,66,23,51,0,243,13,0,10,797,134,3.14,0.965,6.4,1.0,2.3,10.8,4.76
39,Edward Cabrera,24,MIA,NL,6,4,0.6,3.01,14,14,0,0,0,0,71.2,44,24,24,10,33,0,75,9,0,2,291,135,4.59,1.074,5.5,1.3,4.1,9.4,2.27
40,Carlos Carrasco,35,NYM,NL,15,7,0.682,3.97,29,29,0,0,0,0,152.0,161,71,67,17,41,2,152,8,0,5,645,97,3.53,1.329,9.5,1.0,2.4,9.0,3.71
41,Luis Castillo,29,TOT,MLB,8,6,0.571,2.99,25,25,0,0,0,0,150.1,118,56,50,13,45,0,167,8,1,0,615,138,3.07,1.084,7.1,0.8,2.7,10.0,3.71
42,Luis Castillo,29,CIN,NL,4,4,0.5,2.86,14,14,0,0,0,0,85.0,63,30,27,7,28,0,90,4,1,0,349,157,3.19,1.071,6.7,0.7,3.0,9.5,3.21
43,Luis Castillo,29,SEA,AL,4,2,0.667,3.17,11,11,0,0,0,0,65.1,55,26,23,6,17,0,77,4,0,0,266,117,2.91,1.102,7.6,0.8,2.3,10.6,4.53
44,Dylan Cease,26,CHW,AL,14,8,0.636,2.2,32,32,0,1,1,0,184.0,126,55,45,16,78,2,227,3,1,7,747,180,3.1,1.109,6.2,0.8,3.8,11.1,2.91
45,Luis Cessa,30,CIN,NL,4,4,0.5,4.57,46,10,1,0,0,0,80.2,76,44,41,14,28,0,59,2,0,3,336,98,5.02,1.289,8.5,1.6,3.1,6.6,2.11
46,Jesse Chavez,38,TOT,MLB,4,3,0.571,3.76,60,1,14,0,0,0,69.1,71,34,29,8,20,0,74,1,1,2,292,109,3.39,1.313,9.2,1.0,2.6,9.6,3.7
47,Jesse Chavez,38,TOT,NL,3,3,0.5,3.07,49,1,8,0,0,0,58.2,56,22,20,6,16,0,64,1,1,2,242,134,3.13,1.227,8.6,0.9,2.5,9.8,4.0
48,Jesse Chavez,38,ATL,NL,3,3,0.5,2.72,46,1,8,0,0,0,53.0,49,18,16,5,14,0,61,1,1,2,218,150,2.89,1.189,8.3,0.8,2.4,10.4,4.36
49,Aaron Civale,27,CLE,AL,5,6,0.455,4.92,20,20,0,0,0,0,97.0,93,58,53,14,22,1,98,7,0,1,407,78,3.86,1.186,8.6,1.3,2.0,9.1,4.45
50,Mike Clevinger,31,SDP,NL,7,7,0.5,4.33,23,22,0,0,0,0,114.1,102,56,55,20,35,0,91,10,0,3,485,86,4.97,1.198,8.0,1.6,2.8,7.2,2.6
51,Alex Cobb,34,SFG,NL,7,8,0.467,3.73,28,28,0,0,0,0,149.2,152,72,62,9,43,0,151,3,1,4,631,108,2.8,1.303,9.1,0.5,2.6,9.1,3.51
52,Gerrit Cole,31,NYY,AL,13,8,0.619,3.5,33,33,0,0,0,0,200.2,154,81,78,33,50,0,257,2,2,2,793,111,3.47,1.017,6.9,1.5,2.2,11.5,5.14
53,Roansy Contreras,22,PIT,NL,5,5,0.5,3.79,21,18,1,0,0,0,95.0,82,45,40,13,39,1,86,2,0,11,408,110,4.38,1.274,7.8,1.2,3.7,8.1,2.21
54,Patrick Corbin,32,WSN,NL,6,19,0.24,6.31,31,31,0,1,0,0,152.2,210,119,107,27,49,1,128,7,0,2,713,62,4.83,1.697,12.4,1.6,2.9,7.5,2.61
55,Nestor Cortes,27,NYY,AL,12,4,0.75,2.44,28,28,0,1,1,0,158.1,108,44,43,16,38,0,163,2,0,1,615,159,3.12,0.922,6.1,0.9,2.2,9.3,4.29
56,Kutter Crawford,26,BOS,AL,3,6,0.333,5.47,21,12,3,0,0,0,77.1,81,49,47,12,29,1,77,2,1,4,334,77,4.34,1.422,9.4,1.4,3.4,9.0,2.66
57,Nabil Crismatt,27,SDP,NL,5,2,0.714,2.94,50,1,14,0,0,0,67.1,57,29,22,5,22,1,65,2,2,0,280,128,3.22,1.173,7.6,0.7,2.9,8.7,2.95
58,Wil Crowe,27,PIT,NL,6,10,0.375,4.38,60,1,20,0,0,4,76.0,68,40,37,8,38,0,68,3,0,3,332,95,4.31,1.395,8.1,0.9,4.5,8.1,1.79
59,Johnny Cueto,36,CHW,AL,8,10,0.444,3.35,25,24,0,1,0,0,158.1,161,66,59,15,33,2,102,6,1,2,651,118,3.79,1.225,9.2,0.9,1.9,5.8,3.09
60,Yu Darvish,35,SDP,NL,16,8,0.667,3.1,30,30,0,0,0,0,194.2,148,67,67,22,37,0,197,12,1,4,771,121,3.31,0.95,6.8,1.0,1.7,9.1,5.32
61,Tucker Davidson,26,TOT,MLB,2,7,0.222,6.75,12,11,1,0,0,0,52.0,54,39,39,7,35,0,33,3,0,1,243,60,5.79,1.712,9.3,1.2,6.1,5.7,0.94
62,Zach Davies,29,ARI,NL,2,5,0.286,4.09,27,27,0,0,0,0,134.1,122,66,61,21,52,0,102,2,0,1,570,98,4.83,1.295,8.2,1.4,3.5,6.8,1.96
63,Austin Davis,29,TOT,AL,2,1,0.667,5.79,52,3,12,0,0,0,56.0,57,39,36,5,33,1,64,5,0,1,264,73,4.02,1.607,9.2,0.8,5.3,10.3,1.94
64,Austin Davis,29,BOS,AL,2,1,0.667,5.47,50,3,10,0,0,0,54.1,56,36,33,5,29,1,61,5,0,1,254,77,3.94,1.564,9.3,0.8,4.8,10.1,2.1
65,Chase De Jong,28,PIT,NL,6,3,0.667,2.64,42,0,16,0,0,1,71.2,52,24,21,10,30,1,59,5,0,4,293,158,4.74,1.144,6.5,1.3,3.8,7.4,1.97
66,Enyel De Los Santos,26,CLE,AL,5,0,1.0,3.04,50,0,11,0,0,1,53.1,40,18,18,3,17,1,61,2,1,3,215,126,2.62,1.069,6.8,0.5,2.9,10.3,3.59
67,Jacob deGrom,34,NYM,NL,5,4,0.556,3.08,11,11,0,0,0,0,64.1,40,22,22,9,8,0,102,0,0,0,239,126,2.13,0.746,5.6,1.3,1.1,14.3,12.75
68,Reid Detmers,22,LAA,AL,7,6,0.538,3.77,25,25,0,1,1,0,129.0,110,56,54,13,46,1,122,8,0,2,539,106,3.79,1.209,7.7,0.9,3.2,8.5,2.65
69,Alexis Díaz,25,CIN,NL,7,3,0.7,1.84,59,0,20,0,0,10,63.2,28,18,13,5,33,3,83,5,0,7,255,244,3.32,0.958,4.0,0.7,4.7,11.7,2.52
70,Edwin Díaz,28,NYM,NL,3,1,0.75,1.31,61,0,49,0,0,32,62.0,34,9,9,3,18,1,118,2,0,2,235,297,0.9,0.839,4.9,0.4,2.6,17.1,6.56
71,Dane Dunning,27,TEX,AL,4,8,0.333,4.46,29,29,0,0,0,0,153.1,158,80,76,20,62,0,137,11,0,6,671,88,4.45,1.435,9.3,1.2,3.6,8.0,2.21
72,Jhoan Duran,24,MIN,AL,2,4,0.333,1.86,57,0,18,0,0,8,67.2,50,15,14,6,16,3,89,4,0,6,266,208,2.52,0.975,6.7,0.8,2.1,11.8,5.56
73,Carl Edwards Jr.,30,WSN,NL,6,3,0.667,2.76,57,0,8,0,0,2,62.0,51,22,19,8,25,0,56,1,0,2,256,142,4.24,1.226,7.4,1.2,3.6,8.1,2.24
74,Zach Eflin,28,PHI,NL,3,5,0.375,4.04,20,13,2,0,0,1,75.2,70,38,34,8,15,1,65,5,0,0,313,101,3.56,1.123,8.3,1.0,1.8,7.7,4.33
75,Bryce Elder,23,ATL,NL,2,4,0.333,3.17,10,9,1,1,1,0,54.0,44,19,19,4,23,1,47,3,0,0,227,129,3.78,1.241,7.3,0.7,3.8,7.8,2.04
76,Nathan Eovaldi,32,BOS,AL,6,3,0.667,3.87,20,20,0,2,1,0,109.1,115,55,47,21,20,0,103,1,0,2,460,109,4.3,1.235,9.5,1.7,1.6,8.5,5.15
77,Paolo Espino,35,WSN,NL,0,9,0.0,4.84,42,19,18,1,0,0,113.1,131,64,61,24,24,0,92,2,0,1,487,81,4.93,1.368,10.4,1.9,1.9,7.3,3.83
78,Alex Faedo,26,DET,AL,1,5,0.167,5.53,12,12,0,0,0,0,53.2,63,34,33,7,25,0,44,1,0,2,244,69,4.62,1.64,10.6,1.2,4.2,7.4,1.76
79,Bailey Falter,25,PHI,NL,6,4,0.6,3.86,20,16,3,0,0,0,84.0,85,39,36,16,17,0,74,6,0,2,349,106,4.65,1.214,9.1,1.7,1.8,7.9,4.35
80,Erick Fedde,29,WSN,NL,6,13,0.316,5.81,27,27,0,0,0,0,127.0,149,84,82,21,58,0,94,0,0,6,573,67,5.15,1.63,10.6,1.5,4.1,6.7,1.62
81,Ryan Feltner,25,COL,NL,4,9,0.308,5.83,20,19,0,0,0,0,97.1,102,65,63,16,35,0,84,5,0,4,428,80,4.76,1.408,9.4,1.5,3.2,7.8,2.4
82,Matt Festa,29,SEA,AL,2,0,1.0,4.17,53,0,13,0,0,2,54.0,43,26,25,10,18,0,64,2,0,1,219,89,4.26,1.13,7.2,1.7,3.0,10.7,3.56
83,Kyle Finnegan,30,WSN,NL,6,4,0.6,3.51,66,0,24,0,0,11,66.2,54,28,26,9,22,2,70,0,1,0,268,112,3.76,1.14,7.3,1.2,3.0,9.5,3.18
84,Chris Flexen,27,SEA,AL,8,9,0.471,3.73,33,22,11,0,0,2,137.2,132,61,57,17,51,3,95,2,0,7,590,99,4.49,1.329,8.6,1.1,3.3,6.2,1.86
85,Jason Foley,26,DET,AL,1,0,1.0,3.88,60,0,15,0,0,0,60.1,72,27,26,2,11,0,43,2,1,0,256,98,2.76,1.376,10.7,0.3,1.6,6.4,3.91
86,Kyle Freeland,29,COL,NL,9,11,0.45,4.53,31,31,0,0,0,0,174.2,193,96,88,19,53,0,131,16,0,4,766,103,4.21,1.408,9.9,1.0,2.7,6.8,2.47
87,Max Fried,28,ATL,NL,14,7,0.667,2.48,30,30,0,0,0,0,185.1,156,55,51,12,32,2,170,4,0,9,733,164,2.7,1.014,7.6,0.6,1.6,8.3,5.31
88,Giovanny Gallegos,30,STL,NL,3,6,0.333,3.05,57,0,30,0,0,14,59.0,42,23,20,6,18,1,73,0,1,2,235,126,2.87,1.017,6.4,0.9,2.7,11.1,4.06
89,Zac Gallen,26,ARI,NL,12,4,0.75,2.54,31,31,0,0,0,0,184.0,121,56,52,15,47,0,192,12,0,5,714,158,3.05,0.913,5.9,0.7,2.3,9.4,4.09
90,Jarlín García,29,SFG,NL,1,4,0.2,3.74,58,0,14,0,0,1,65.0,60,34,27,10,18,1,56,1,0,2,270,108,4.27,1.2,8.3,1.4,2.5,7.8,3.11
91,Luis Garcia,25,HOU,AL,15,8,0.652,3.72,28,28,0,0,0,0,157.1,131,70,65,23,47,0,157,1,1,8,643,104,3.93,1.131,7.5,1.3,2.7,9.0,3.34
92,Rony García,24,DET,AL,3,3,0.5,4.41,16,8,2,0,0,0,51.0,40,27,25,9,13,0,48,4,0,3,206,86,4.52,1.039,7.1,1.6,2.3,8.5,3.69
93,Braxton Garrett,24,MIA,NL,3,7,0.3,3.58,17,17,0,0,0,0,88.0,86,38,35,9,24,1,90,10,0,2,373,114,3.56,1.25,8.8,0.9,2.5,9.2,3.75
94,Kevin Gausman,31,TOR,AL,12,10,0.545,3.35,31,31,0,0,0,0,174.2,188,72,65,15,28,0,205,1,2,2,725,116,2.38,1.237,9.7,0.8,1.4,10.6,7.32
95,Domingo Germán,29,NYY,AL,2,5,0.286,3.61,15,14,0,0,0,0,72.1,65,31,29,11,19,0,58,4,1,0,298,108,4.44,1.161,8.1,1.4,2.4,7.2,3.05
96,Kyle Gibson,34,PHI,NL,10,8,0.556,5.05,31,31,0,0,0,0,167.2,176,98,94,24,48,0,144,9,0,4,718,81,4.28,1.336,9.4,1.3,2.6,7.7,3.0
97,Logan Gilbert,25,SEA,AL,13,6,0.684,3.2,32,32,0,0,0,0,185.2,170,71,66,19,49,2,174,6,0,5,766,116,3.46,1.18,8.2,0.9,2.4,8.4,3.55
98,Lucas Giolito,27,CHW,AL,11,9,0.55,4.9,30,30,0,0,0,0,161.2,171,92,88,24,61,1,177,4,0,3,698,81,4.06,1.435,9.5,1.3,3.4,9.9,2.9
99,Mychal Givens,32,TOT,NL,7,3,0.7,3.38,59,1,12,0,0,2,61.1,56,27,23,8,25,4,71,5,0,2,260,120,3.96,1.321,8.2,1.2,3.7,10.4,2.84
100,Austin Gomber,28,COL,NL,5,7,0.417,5.56,33,17,2,0,0,0,124.2,137,80,77,20,34,1,95,2,0,4,529,84,4.54,1.372,9.9,1.4,2.5,6.9,2.79
101,Tony Gonsolin,28,LAD,NL,16,1,0.941,2.14,24,24,0,0,0,0,130.1,79,32,31,11,35,1,119,4,0,5,498,196,3.28,0.875,5.5,0.8,2.4,8.2,3.4
102,Marco Gonzales,30,SEA,AL,10,15,0.4,4.13,32,32,0,0,0,0,183.0,194,97,84,30,50,1,103,7,0,1,783,90,5.05,1.333,9.5,1.5,2.5,5.1,2.06
103,MacKenzie Gore,23,SDP,NL,4,4,0.5,4.5,16,13,0,0,0,0,70.0,66,35,35,7,37,0,72,4,0,6,309,83,4.11,1.471,8.5,0.9,4.8,9.3,1.95
104,Jon Gray,30,TEX,AL,7,7,0.5,3.96,24,24,0,0,0,0,127.1,105,61,56,17,39,0,134,6,2,4,521,99,3.8,1.131,7.4,1.2,2.8,9.5,3.44
105,Josiah Gray,24,WSN,NL,7,10,0.412,5.02,28,28,0,0,0,0,148.2,136,84,83,38,66,1,154,8,0,7,649,78,5.86,1.359,8.2,2.3,4.0,9.3,2.33
106,Sonny Gray,32,MIN,AL,8,5,0.615,3.08,24,24,0,0,0,0,119.2,99,44,41,11,36,0,117,6,0,3,488,125,3.4,1.128,7.4,0.8,2.7,8.8,3.25
107,Hunter Greene,22,CIN,NL,5,13,0.278,4.44,24,24,0,1,1,0,125.2,104,64,62,24,48,0,164,10,0,4,531,101,4.37,1.21,7.4,1.7,3.4,11.7,3.42
108,Zack Greinke,38,KCR,AL,4,9,0.308,3.68,26,26,0,0,0,0,137.0,157,65,56,14,27,0,73,3,0,7,585,111,4.03,1.343,10.3,0.9,1.8,4.8,2.7
109,Andrew Heaney,31,LAD,NL,4,4,0.5,3.1,16,14,1,0,0,0,72.2,60,34,25,14,19,0,110,9,0,0,310,136,3.75,1.087,7.4,1.7,2.4,13.6,5.79
110,Taylor Hearn,27,TEX,AL,6,8,0.429,5.13,31,13,3,0,0,1,100.0,107,60,57,11,43,0,97,3,0,3,449,77,3.98,1.5,9.6,1.0,3.9,8.7,2.26
111,Jonathan Heasley,25,KCR,AL,4,10,0.286,5.28,21,21,0,0,0,0,104.0,108,67,61,19,47,0,70,6,0,9,465,78,5.67,1.49,9.3,1.6,4.1,6.1,1.49
112,Ryan Helsley,27,STL,NL,9,1,0.9,1.25,54,0,33,0,0,19,64.2,28,11,9,6,20,1,94,0,0,1,239,306,2.34,0.742,3.9,0.8,2.8,13.1,4.7
113,Kyle Hendricks,32,CHC,NL,4,6,0.4,4.8,16,16,0,0,0,0,84.1,85,45,45,15,24,0,66,3,0,0,356,86,4.82,1.292,9.1,1.6,2.6,7.0,2.75
114,Sam Hentges,25,CLE,AL,3,2,0.6,2.32,57,0,15,0,0,1,62.0,41,17,16,3,19,1,72,3,0,3,245,165,2.48,0.968,6.0,0.4,2.8,10.5,3.79
115,Jimmy Herget,28,LAA,AL,2,1,0.667,2.48,49,1,13,0,0,9,69.0,48,20,19,4,15,3,63,3,0,0,266,162,2.82,0.913,6.3,0.5,2.0,8.2,4.2
116,Carlos Hernández,25,KCR,AL,0,5,0.0,7.39,27,7,4,0,0,0,56.0,72,48,46,7,31,1,35,1,0,3,266,56,5.2,1.839,11.6,1.1,5.0,5.6,1.13
117,Elieser Hernandez,27,MIA,NL,3,6,0.333,6.35,20,10,4,0,0,0,62.1,67,48,44,19,22,1,60,4,0,1,278,64,6.4,1.428,9.7,2.7,3.2,8.7,2.73
118,Jordan Hicks,25,STL,NL,3,6,0.333,4.84,35,8,2,0,0,0,61.1,46,33,33,5,35,0,63,7,0,5,263,79,4.17,1.321,6.8,0.7,5.1,9.2,1.8
119,Garrett Hill,26,DET,AL,3,3,0.5,4.03,17,8,1,0,0,0,60.1,53,29,27,8,29,0,40,4,0,2,263,94,5.15,1.359,7.9,1.2,4.3,6.0,1.38
120,Rich Hill,42,BOS,AL,8,7,0.533,4.27,26,26,0,0,0,0,124.1,125,67,59,15,37,0,109,4,2,0,526,98,3.92,1.303,9.0,1.1,2.7,7.9,2.95
121,Clay Holmes,29,NYY,AL,7,4,0.636,2.54,62,0,32,0,0,20,63.2,45,21,18,2,20,2,65,9,0,1,260,154,2.84,1.021,6.4,0.3,2.8,9.2,3.25
122,Tanner Houck,26,BOS,AL,5,4,0.556,3.15,32,4,14,0,0,8,60.0,49,22,21,3,22,3,56,6,0,3,247,134,3.3,1.183,7.4,0.5,3.3,8.4,2.55
123,Adrian Houser,29,MIL,NL,6,10,0.375,4.73,22,21,1,0,0,0,102.2,103,66,54,8,47,1,69,2,0,2,455,83,4.21,1.461,9.0,0.7,4.1,6.0,1.47
124,Dakota Hudson,27,STL,NL,8,7,0.533,4.45,27,26,0,0,0,0,139.2,141,71,69,9,61,0,78,9,0,4,596,86,4.34,1.446,9.1,0.6,3.9,5.0,1.28
125,Brandon Hughes,26,CHC,NL,2,3,0.4,3.12,57,0,16,0,0,8,57.2,42,22,20,11,21,3,68,6,0,3,239,132,4.64,1.092,6.6,1.7,3.3,10.6,3.24
126,Drew Hutchison,31,DET,AL,3,9,0.25,4.53,28,18,3,0,0,0,105.1,114,58,53,15,42,1,68,2,0,3,464,84,4.93,1.481,9.7,1.3,3.6,5.8,1.62
127,Cole Irvin,28,OAK,AL,9,13,0.409,3.98,30,30,0,0,0,0,181.0,174,87,80,25,36,3,128,7,0,3,741,94,4.21,1.16,8.7,1.2,1.8,6.4,3.56
128,Cristian Javier,25,HOU,AL,11,9,0.55,2.54,30,25,0,0,0,0,148.2,89,44,42,17,52,0,194,6,1,5,585,152,3.16,0.948,5.4,1.0,3.1,11.7,3.73
129,Griffin Jax,27,MIN,AL,7,4,0.636,3.36,65,0,10,0,0,1,72.1,56,29,27,7,20,3,78,3,0,2,290,115,3.17,1.051,7.0,0.9,2.5,9.7,3.9
130,Jakob Junis,29,SFG,NL,5,7,0.417,4.42,23,17,0,0,0,0,112.0,120,57,55,13,25,0,98,4,0,1,478,91,3.65,1.295,9.6,1.0,2.0,7.9,3.92
131,James Kaprielian,28,OAK,AL,5,9,0.357,4.23,26,26,0,0,0,0,134.0,121,68,63,16,59,0,98,5,0,2,577,88,4.63,1.343,8.1,1.1,4.0,6.6,1.66
132,Brad Keller,26,KCR,AL,6,14,0.3,5.09,35,22,4,0,0,1,139.2,153,86,79,17,57,1,102,2,0,11,617,80,4.5,1.504,9.9,1.1,3.7,6.6,1.79
133,Mitch Keller,26,PIT,NL,5,12,0.294,3.91,31,29,0,0,0,0,159.0,162,77,69,14,60,1,138,12,1,2,687,106,3.88,1.396,9.2,0.8,3.4,7.8,2.3
134,Merrill Kelly,33,ARI,NL,13,8,0.619,3.37,33,33,0,0,0,0,200.1,167,77,75,21,61,2,177,2,1,4,804,119,3.65,1.138,7.5,0.9,2.7,8.0,2.9
135,Clayton Kershaw,34,LAD,NL,12,3,0.8,2.28,22,22,0,0,0,0,126.1,96,36,32,10,23,0,137,2,1,0,493,184,2.57,0.942,6.8,0.7,1.6,9.8,5.96
136,Dallas Keuchel,34,TOT,MLB,2,9,0.182,9.2,14,14,0,0,0,0,60.2,94,69,62,11,31,2,45,0,0,3,303,44,5.52,2.06,13.9,1.6,4.6,6.7,1.45
137,Yusei Kikuchi,31,TOR,AL,6,7,0.462,5.19,32,20,4,0,0,1,100.2,93,67,58,23,58,0,124,9,0,3,454,75,5.62,1.5,8.3,2.1,5.2,11.1,2.14
138,John King,27,TEX,AL,1,4,0.2,4.03,39,0,5,0,0,0,51.1,61,27,23,5,14,3,30,1,0,2,222,98,4.09,1.461,10.7,0.9,2.5,5.3,2.14
139,Michael King,27,NYY,AL,6,3,0.667,2.29,34,0,10,0,0,1,51.0,35,15,13,3,16,2,66,0,0,2,199,171,2.23,1.0,6.2,0.5,2.8,11.6,4.13
140,George Kirby,24,SEA,AL,8,5,0.615,3.39,25,25,0,0,0,0,130.0,135,54,49,13,22,0,133,5,0,4,542,109,2.99,1.208,9.3,0.9,1.5,9.2,6.05
141,Corey Kluber,36,TBR,AL,10,10,0.5,4.34,31,31,0,0,0,0,164.0,178,82,79,20,21,0,139,10,0,2,689,84,3.57,1.213,9.8,1.1,1.2,7.6,6.62
142,Michael Kopech,26,CHW,AL,5,9,0.357,3.54,25,25,0,0,0,0,119.1,85,53,47,15,57,0,105,3,2,2,494,112,4.49,1.19,6.4,1.1,4.3,7.9,1.84
143,Joey Krehbiel,29,BAL,AL,5,5,0.5,3.9,56,0,8,0,0,1,57.2,53,28,25,9,18,1,45,3,0,1,244,103,4.67,1.231,8.3,1.4,2.8,7.0,2.5
144,Dean Kremer,26,BAL,AL,8,7,0.533,3.23,22,21,0,1,1,0,125.1,123,48,45,11,34,0,87,5,0,5,512,124,3.8,1.253,8.8,0.8,2.4,6.2,2.56
145,Chad Kuhl,29,COL,NL,6,11,0.353,5.72,27,27,0,1,1,0,137.0,155,91,87,25,58,1,110,5,0,5,617,82,5.26,1.555,10.2,1.6,3.8,7.2,1.9
146,Joel Kuhnel,27,CIN,NL,2,3,0.4,6.36,53,0,13,0,0,1,58.0,67,41,41,8,14,1,56,5,0,1,255,71,3.96,1.397,10.4,1.2,2.2,8.7,4.0
147,Eric Lauer,27,MIL,NL,11,7,0.611,3.69,29,29,0,0,0,0,158.2,135,71,65,27,59,0,157,2,2,5,661,107,4.5,1.223,7.7,1.5,3.3,8.9,2.66
148,Dylan Lee,27,ATL,NL,5,1,0.833,2.13,46,0,5,0,0,0,50.2,40,16,12,5,10,1,59,0,0,0,201,192,2.66,0.987,7.1,0.9,1.8,10.5,5.9
149,Mark Leiter Jr.,31,CHC,NL,2,7,0.222,3.99,35,4,11,0,0,3,67.2,52,32,30,10,25,2,73,7,0,5,282,103,4.29,1.138,6.9,1.3,3.3,9.7,2.92
150,Nick Lodolo,24,CIN,NL,4,7,0.364,3.66,19,19,0,0,0,0,103.1,90,44,42,13,39,0,131,19,0,6,441,122,3.9,1.248,7.8,1.1,3.4,11.4,3.36
151,Zach Logue,26,OAK,AL,3,8,0.273,6.79,14,10,1,0,0,0,57.0,68,44,43,13,20,0,42,2,0,0,257,55,5.76,1.544,10.7,2.1,3.2,6.6,2.1
152,Jorge López,29,TOT,AL,4,7,0.364,2.54,67,0,47,0,0,23,71.0,53,26,20,4,31,5,72,7,2,5,298,158,3.42,1.183,6.7,0.5,3.9,9.1,2.32
153,Pablo López,26,MIA,NL,10,10,0.5,3.75,32,32,0,0,0,0,180.0,157,78,75,21,53,1,174,8,0,4,736,108,3.71,1.167,7.9,1.1,2.7,8.7,3.28
154,Reynaldo López,28,CHW,AL,6,4,0.6,2.76,61,1,8,0,0,0,65.1,51,24,20,1,11,1,63,1,0,4,254,145,1.93,0.949,7.0,0.1,1.5,8.7,5.73
155,Michael Lorenzen,30,LAA,AL,8,6,0.571,4.24,18,18,0,0,0,0,97.2,81,48,46,11,44,0,85,4,0,3,411,95,4.31,1.28,7.5,1.0,4.1,7.8,1.93
156,Lucas Luetge,35,NYY,AL,4,4,0.5,2.67,50,0,18,0,0,2,57.1,63,19,17,4,17,1,60,4,0,1,251,147,3.02,1.395,9.9,0.6,2.7,9.4,3.53
157,Seth Lugo,32,NYM,NL,3,2,0.6,3.6,62,0,20,0,0,3,65.0,58,26,26,9,18,1,69,3,0,2,272,108,3.76,1.169,8.0,1.2,2.5,9.6,3.83
158,Jesús Luzardo,24,MIA,NL,4,7,0.364,3.32,18,18,0,0,0,0,100.1,69,40,37,10,35,0,120,2,0,5,400,123,3.12,1.037,6.2,0.9,3.1,10.8,3.43
159,Jordan Lyles,31,BAL,AL,12,11,0.522,4.42,32,32,0,1,0,0,179.0,196,94,88,26,52,0,144,8,0,5,774,91,4.4,1.385,9.9,1.3,2.6,7.2,2.77
160,Daniel Lynch,25,KCR,AL,4,13,0.235,5.13,27,27,0,0,0,0,131.2,155,79,75,21,52,2,122,5,2,7,600,80,4.63,1.572,10.6,1.4,3.6,8.3,2.35
161,Lance Lynn,35,CHW,AL,8,7,0.533,3.99,21,21,0,0,0,0,121.2,119,65,54,19,19,0,124,10,0,4,512,99,3.82,1.134,8.8,1.4,1.4,9.2,6.53
162,Andres Machado,29,WSN,NL,2,0,1.0,3.34,51,0,14,0,0,0,59.1,55,32,22,7,26,0,46,2,0,3,261,117,4.51,1.365,8.3,1.1,3.9,7.0,1.77
163,Tyler Mahle,27,TOT,MLB,6,8,0.429,4.4,23,23,0,0,0,0,120.2,104,61,59,16,43,0,126,2,1,3,503,100,3.87,1.218,7.8,1.2,3.2,9.4,2.93
164,Tyler Mahle,27,CIN,NL,5,7,0.417,4.4,19,19,0,0,0,0,104.1,91,53,51,12,39,0,114,2,1,3,440,102,3.6,1.246,7.8,1.0,3.4,9.8,2.92
165,Sean Manaea,30,SDP,NL,8,9,0.471,4.96,30,28,1,0,0,0,158.0,155,95,87,29,50,1,156,3,0,0,671,75,4.53,1.297,8.8,1.7,2.8,8.9,3.12
166,Matt Manning,24,DET,AL,2,3,0.4,3.43,12,12,0,0,0,0,63.0,55,27,24,6,19,0,48,1,0,2,263,111,3.78,1.175,7.9,0.9,2.7,6.9,2.53
167,Alek Manoah,24,TOR,AL,16,7,0.696,2.24,31,31,0,0,0,0,196.2,144,55,49,16,51,0,180,15,0,5,786,174,3.35,0.992,6.6,0.7,2.3,8.2,3.53
168,Germán Márquez,27,COL,NL,9,13,0.409,4.95,31,31,0,0,0,0,181.2,185,109,100,30,63,0,150,4,2,8,779,94,4.71,1.365,9.2,1.5,3.1,7.4,2.38
169,Davis Martin,25,CHW,AL,3,6,0.333,4.83,14,9,1,0,0,0,63.1,63,36,34,8,19,1,48,3,0,3,269,82,4.28,1.295,9.0,1.1,2.7,6.8,2.53
170,Adrián Martinez,25,OAK,AL,4,6,0.4,6.24,12,12,0,0,0,0,57.2,69,42,40,13,19,1,53,3,1,6,259,60,5.35,1.526,10.8,2.0,3.0,8.3,2.79
171,Nick Martinez,31,SDP,NL,4,4,0.5,3.47,47,10,15,0,0,8,106.1,96,44,41,15,41,0,95,4,0,4,448,108,4.43,1.288,8.1,1.3,3.5,8.0,2.32
172,Mike Mayers,30,LAA,AL,1,1,0.5,5.68,24,3,7,0,0,0,50.2,52,35,32,15,18,0,45,2,0,3,223,71,6.37,1.382,9.2,2.7,3.2,8.0,2.5
173,Shane McClanahan,25,TBR,AL,12,8,0.6,2.54,28,28,0,0,0,0,166.1,116,52,47,19,38,1,194,3,0,9,641,142,3.0,0.926,6.3,1.0,2.1,10.5,5.11
174,Collin McHugh,35,ATL,NL,3,2,0.6,2.6,58,0,3,0,0,0,69.1,51,20,20,5,14,1,75,5,0,3,272,157,2.71,0.938,6.6,0.6,1.8,9.7,5.36
175,Triston McKenzie,24,CLE,AL,11,11,0.5,2.96,31,30,1,0,0,0,191.1,138,65,63,25,44,0,190,5,0,8,741,129,3.59,0.951,6.5,1.2,2.1,8.9,4.32
176,Miles Mikolas,33,STL,NL,12,13,0.48,3.29,33,32,0,1,0,0,202.1,170,81,74,25,39,0,153,6,1,1,805,116,3.87,1.033,7.6,1.1,1.7,6.8,3.92
177,Mike Minor,34,CIN,NL,4,12,0.25,6.06,19,19,0,0,0,0,98.0,120,72,66,24,40,4,76,7,0,2,455,74,6.18,1.633,11.0,2.2,3.7,7.0,1.9
178,Frankie Montas,29,TOT,AL,5,12,0.294,4.05,27,27,0,0,0,0,144.1,137,72,65,18,43,3,142,6,0,7,608,94,3.78,1.247,8.5,1.1,2.7,8.9,3.3
179,Frankie Montas,29,OAK,AL,4,9,0.308,3.18,19,19,0,0,0,0,104.2,91,44,37,12,28,3,109,1,0,4,423,118,3.35,1.137,7.8,1.0,2.4,9.4,3.89
180,Jordan Montgomery,29,TOT,MLB,9,6,0.6,3.48,32,32,0,1,1,0,178.1,159,72,69,21,36,0,158,8,0,4,724,111,3.61,1.093,8.0,1.1,1.8,8.0,4.39
181,Jordan Montgomery,29,NYY,AL,3,3,0.5,3.69,21,21,0,0,0,0,114.2,103,48,47,15,23,0,97,7,0,3,469,106,3.91,1.099,8.1,1.2,1.8,7.6,4.22
182,Jordan Montgomery,29,STL,NL,6,3,0.667,3.11,11,11,0,1,1,0,63.2,56,24,22,6,13,0,61,1,0,1,255,123,3.08,1.084,7.9,0.8,1.8,8.6,4.69
183,Matt Moore,33,TEX,AL,5,2,0.714,1.95,63,0,18,0,0,5,74.0,49,20,16,3,38,2,83,1,0,8,304,203,2.98,1.176,6.0,0.4,4.6,10.1,2.18
184,Eli Morgan,26,CLE,AL,5,3,0.625,3.38,50,1,7,0,0,0,66.2,46,29,25,10,13,0,72,2,0,0,256,113,3.58,0.885,6.2,1.4,1.8,9.7,5.54
185,Charlie Morton,38,ATL,NL,9,6,0.6,4.34,31,31,0,0,0,0,172.0,149,85,83,28,63,0,205,18,0,4,728,94,4.26,1.233,7.8,1.5,3.3,10.7,3.25
186,Andrés Muñoz,23,SEA,AL,2,5,0.286,2.49,64,0,12,0,0,4,65.0,43,20,18,5,15,3,96,4,0,4,248,149,2.04,0.892,6.0,0.7,2.1,13.3,6.4
187,Penn Murfee,28,SEA,AL,4,0,1.0,2.99,64,1,15,0,0,0,69.1,48,23,23,7,18,1,76,2,0,2,272,124,3.1,0.952,6.2,0.9,2.3,9.9,4.22
188,Joe Musgrove,29,SDP,NL,10,7,0.588,2.93,30,30,0,0,0,0,181.0,154,67,59,22,42,1,184,14,0,4,740,127,3.59,1.083,7.7,1.1,2.1,9.1,4.38
189,Nick Nelson,26,PHI,NL,3,2,0.6,4.85,47,2,10,0,0,1,68.2,66,38,37,1,36,0,69,4,0,13,306,84,3.04,1.485,8.7,0.1,4.7,9.0,1.92
190,Aaron Nola,29,PHI,NL,11,13,0.458,3.25,32,32,0,2,1,0,205.0,168,75,74,19,29,1,235,9,0,2,807,125,2.58,0.961,7.4,0.8,1.3,10.3,8.1
191,Daniel Norris,29,TOT,MLB,2,4,0.333,5.22,41,3,17,0,0,0,58.2,45,39,34,11,29,0,66,7,1,2,250,76,5.14,1.261,6.9,1.7,4.4,10.1,2.28
192,Bailey Ober,26,MIN,AL,2,3,0.4,3.21,11,11,0,0,0,0,56.0,48,22,20,4,11,0,51,2,1,0,227,120,2.92,1.054,7.7,0.6,1.8,8.2,4.64
193,Jake Odorizzi,32,TOT,MLB,6,6,0.5,4.4,22,22,0,0,0,0,106.1,106,58,52,14,35,1,86,3,0,2,453,90,4.28,1.326,9.0,1.2,3.0,7.3,2.46
194,Jake Odorizzi,32,HOU,AL,4,3,0.571,3.75,12,12,0,0,0,0,60.0,52,29,25,5,17,0,46,2,0,2,245,103,3.61,1.15,7.8,0.8,2.6,6.9,2.71
195,Shohei Ohtani,27,LAA,AL,15,9,0.625,2.33,28,28,0,0,0,0,166.0,124,45,43,14,44,0,219,2,0,14,660,172,2.4,1.012,6.7,0.8,2.4,11.9,4.98
196,Adam Oller,27,OAK,AL,2,8,0.2,6.3,19,14,3,0,0,0,74.1,82,55,52,17,39,0,46,2,0,4,337,60,6.5,1.628,9.9,2.1,4.7,5.6,1.18
197,Glenn Otto,26,TEX,AL,7,10,0.412,4.64,27,27,0,0,0,0,135.2,119,74,70,21,62,0,107,13,0,5,587,85,5.21,1.334,7.9,1.4,4.1,7.1,1.73
198,Johan Oviedo,24,TOT,NL,4,3,0.571,3.21,21,8,3,0,0,0,56.0,49,21,20,5,23,0,54,3,1,2,242,126,3.74,1.286,7.9,0.8,3.7,8.7,2.35
199,Emilio Pagán,31,MIN,AL,4,6,0.4,4.43,59,0,27,0,0,9,63.0,60,36,31,12,26,2,84,1,0,3,274,87,4.21,1.365,8.6,1.7,3.7,12.0,3.23
200,Andre Pallante,23,STL,NL,6,5,0.545,3.17,47,10,4,0,0,0,108.0,113,39,38,9,40,2,73,1,0,4,457,121,3.98,1.417,9.4,0.8,3.3,6.1,1.83
201,Joel Payamps,28,TOT,AL,3,6,0.333,3.23,41,0,16,0,0,0,55.2,60,24,20,7,16,2,41,2,0,3,241,125,4.24,1.365,9.7,1.1,2.6,6.6,2.56
202,Freddy Peralta,26,MIL,NL,4,4,0.5,3.58,18,17,0,0,0,0,78.0,54,31,31,6,27,0,86,3,0,1,317,110,3.06,1.038,6.2,0.7,3.1,9.9,3.19
203,Wandy Peralta,30,NYY,AL,3,4,0.429,2.72,56,0,18,0,0,4,56.1,42,19,17,2,17,1,47,1,1,2,223,144,2.86,1.047,6.7,0.3,2.7,7.5,2.76
204,Martín Pérez,31,TEX,AL,12,8,0.6,2.89,32,32,0,1,1,0,196.1,178,70,63,11,69,0,169,6,2,6,821,136,3.26,1.258,8.2,0.5,3.2,7.7,2.45
205,David Peterson,26,NYM,NL,7,5,0.583,3.83,28,19,0,0,0,0,105.2,93,50,45,11,48,1,126,7,0,3,454,101,3.64,1.334,7.9,0.9,4.1,10.7,2.63
206,Konnor Pilkington,24,CLE,AL,1,2,0.333,3.88,15,11,3,0,0,0,58.0,53,30,25,6,32,0,50,2,0,1,258,99,4.49,1.466,8.2,0.9,5.0,7.8,1.56
207,Nick Pivetta,29,BOS,AL,10,12,0.455,4.56,33,33,0,1,0,0,179.2,175,91,91,27,73,0,175,5,1,10,773,92,4.42,1.38,8.8,1.4,3.7,8.8,2.4
208,Zach Plesac,27,CLE,AL,3,12,0.2,4.31,25,24,0,0,0,0,131.2,136,74,63,19,38,0,100,5,0,4,568,89,4.45,1.322,9.3,1.3,2.6,6.8,2.63
209,Austin Pruitt,32,OAK,AL,0,1,0.0,4.23,39,1,14,0,0,1,55.1,48,29,26,11,9,0,38,1,0,0,224,89,4.87,1.03,7.8,1.8,1.5,6.2,4.22
210,A.J. Puk,27,OAK,AL,4,3,0.571,3.12,62,0,9,0,0,4,66.1,53,27,23,7,23,3,76,10,1,6,281,120,3.68,1.146,7.2,0.9,3.1,10.3,3.3
211,Cal Quantrill,27,CLE,AL,15,5,0.75,3.38,32,32,0,0,0,0,186.1,178,78,70,21,47,0,128,10,0,3,770,113,4.12,1.208,8.6,1.0,2.3,6.2,2.72
212,José Quintana,33,TOT,NL,6,7,0.462,2.93,32,32,0,0,0,0,165.2,154,61,54,8,47,1,137,3,0,1,679,137,2.99,1.213,8.4,0.4,2.6,7.4,2.91
213,José Quintana,33,PIT,NL,3,5,0.375,3.5,20,20,0,0,0,0,103.0,100,43,40,7,31,1,89,2,0,1,432,119,3.23,1.272,8.7,0.6,2.7,7.8,2.87
214,José Quintana,33,STL,NL,3,2,0.6,2.01,12,12,0,0,0,0,62.2,54,18,14,1,16,0,48,1,0,0,247,191,2.6,1.117,7.8,0.1,2.3,6.9,3.0
215,Erasmo Ramírez,32,WSN,NL,4,2,0.667,2.92,60,2,10,0,0,0,86.1,79,31,28,11,14,1,61,6,0,1,347,134,4.05,1.077,8.2,1.1,1.5,6.4,4.36
216,Drew Rasmussen,26,TBR,AL,11,7,0.611,2.84,28,28,0,0,0,0,146.0,121,51,46,13,31,0,125,3,0,10,584,128,3.26,1.041,7.5,0.8,1.9,7.7,4.03
217,Robbie Ray,30,SEA,AL,12,12,0.5,3.71,32,32,0,0,0,0,189.0,163,80,78,32,62,0,212,7,0,5,775,100,4.16,1.19,7.8,1.5,3.0,10.1,3.42
218,Trevor Richards,29,TOR,AL,3,2,0.6,5.34,62,4,10,0,0,0,64.0,57,41,38,9,35,1,82,1,0,3,281,73,4.07,1.438,8.0,1.3,4.9,11.5,2.34
219,David Robertson,37,TOT,NL,4,3,0.571,2.4,58,0,33,0,0,20,63.2,39,18,17,6,35,1,81,3,0,4,264,172,3.58,1.162,5.5,0.8,4.9,11.5,2.31
220,Carlos Rodón,29,SFG,NL,14,8,0.636,2.88,31,31,0,1,0,0,178.0,131,59,57,12,52,0,237,3,0,10,710,140,2.25,1.028,6.6,0.6,2.6,12.0,4.56
221,Eduardo Rodriguez,29,DET,AL,5,5,0.5,4.05,17,17,0,0,0,0,91.0,87,49,41,12,34,0,72,2,0,1,391,93,4.43,1.33,8.6,1.2,3.4,7.1,2.12
222,Trevor Rogers,24,MIA,NL,4,11,0.267,5.47,23,23,0,0,0,0,107.0,116,69,65,15,45,0,106,5,0,5,477,74,4.35,1.505,9.8,1.3,3.8,8.9,2.36
223,Tyler Rogers,31,SFG,NL,3,4,0.429,3.57,68,0,8,0,0,0,75.2,73,34,30,3,23,0,49,5,1,1,319,113,3.44,1.269,8.7,0.4,2.7,5.8,2.13
224,Jordan Romano,29,TOR,AL,5,4,0.556,2.11,63,0,52,0,0,36,64.0,44,18,15,4,21,4,73,4,0,0,258,185,2.82,1.016,6.2,0.6,3.0,10.3,3.48
225,Michael Rucker,28,CHC,NL,3,1,0.75,3.95,41,0,9,0,0,0,54.2,50,25,24,8,20,0,50,0,0,4,229,104,4.28,1.28,8.2,1.3,3.3,8.2,2.5
226,Joe Ryan,26,MIN,AL,13,8,0.619,3.55,27,27,0,0,0,0,147.0,115,60,58,20,47,0,151,10,0,2,604,109,3.99,1.102,7.0,1.2,2.9,9.2,3.21
227,Adrian Sampson,30,CHC,NL,4,5,0.444,3.11,21,19,2,0,0,0,104.1,101,40,36,10,27,0,73,2,1,0,428,132,3.79,1.227,8.7,0.9,2.3,6.3,2.7
228,Aaron Sanchez,29,TOT,MLB,3,4,0.429,6.6,15,10,2,0,0,0,60.0,78,46,44,8,15,1,41,5,0,2,265,59,4.48,1.55,11.7,1.2,2.3,6.2,2.73
229,Aníbal Sánchez,38,WSN,NL,4,6,0.4,4.28,14,14,0,0,0,0,69.1,55,34,33,13,33,2,48,4,0,2,292,91,5.77,1.269,7.1,1.7,4.3,6.2,1.45
230,Patrick Sandoval,25,LAA,AL,6,9,0.4,2.91,27,27,0,1,1,0,148.2,139,56,48,8,60,0,151,5,0,6,638,138,3.09,1.339,8.4,0.5,3.6,9.1,2.52
231,Reiver Sanmartin,26,CIN,NL,4,4,0.5,6.32,45,4,3,0,0,0,57.0,66,43,40,8,29,2,47,0,2,2,256,71,4.81,1.667,10.4,1.3,4.6,7.4,1.62
232,Hirokazu Sawamura,34,BOS,AL,1,1,0.5,3.73,49,0,11,0,0,0,50.2,45,23,21,4,27,2,40,0,0,8,221,113,4.16,1.421,8.0,0.7,4.8,7.1,1.48
233,Max Scherzer,37,NYM,NL,11,5,0.688,2.29,23,23,0,0,0,0,145.1,108,39,37,13,24,0,173,11,0,1,565,169,2.62,0.908,6.7,0.8,1.5,10.7,7.21
234,Clarke Schmidt,26,NYY,AL,5,5,0.5,3.12,29,3,7,0,0,2,57.2,46,23,20,5,23,3,56,2,0,0,236,125,3.6,1.197,7.2,0.8,3.6,8.7,2.43
235,John Schreiber,28,BOS,AL,4,4,0.5,2.22,64,0,13,0,0,8,65.0,45,19,16,3,19,0,74,4,0,4,257,190,2.5,0.985,6.2,0.4,2.6,10.2,3.89
236,JP Sears,26,TOT,AL,6,3,0.667,3.86,17,11,1,0,0,0,70.0,67,31,30,8,23,1,51,2,0,0,288,99,4.21,1.286,8.6,1.0,3.0,6.6,2.22
237,Antonio Senzatela,27,COL,NL,3,7,0.3,5.07,19,19,0,0,0,0,92.1,133,56,52,9,23,0,54,3,0,1,413,92,4.05,1.69,13.0,0.9,2.2,5.3,2.35
238,Luis Severino,28,NYY,AL,7,3,0.7,3.18,19,19,0,0,0,0,102.0,72,37,36,14,30,0,112,4,0,1,405,123,3.7,1.0,6.4,1.2,2.6,9.9,3.73
239,Brady Singer,25,KCR,AL,10,5,0.667,3.23,27,24,2,0,0,0,153.1,140,58,55,18,35,0,150,11,1,3,621,127,3.58,1.141,8.2,1.1,2.1,8.8,4.29
240,Tarik Skubal,25,DET,AL,7,8,0.467,3.52,21,21,0,0,0,0,117.2,104,53,46,9,32,0,117,1,0,1,477,107,2.96,1.156,8.0,0.7,2.4,8.9,3.66
241,Devin Smeltzer,26,MIN,AL,5,2,0.714,3.71,15,12,1,0,0,0,70.1,67,30,29,13,19,0,40,1,0,2,287,104,5.23,1.223,8.6,1.7,2.4,5.1,2.11
242,Caleb Smith,30,ARI,NL,1,3,0.25,4.11,44,1,14,0,0,0,70.0,57,35,32,14,39,1,65,1,0,1,302,98,5.57,1.371,7.3,1.8,5.0,8.4,1.67
243,Drew Smyly,33,CHC,NL,7,8,0.467,3.47,22,22,0,0,0,0,106.1,101,46,41,16,26,0,91,5,0,3,447,118,4.23,1.194,8.5,1.4,2.2,7.7,3.5
244,Blake Snell,29,SDP,NL,8,10,0.444,3.38,24,24,0,0,0,0,128.0,103,51,48,11,51,0,171,2,0,6,535,111,2.8,1.203,7.2,0.8,3.6,12.0,3.35
245,Jeffrey Springs,29,TBR,AL,9,5,0.643,2.46,33,25,0,0,0,0,135.1,114,42,37,14,31,0,144,1,1,1,549,147,3.04,1.071,7.6,0.9,2.1,9.6,4.65
246,Justin Steele,26,CHC,NL,4,7,0.364,3.18,24,24,0,0,0,0,119.0,111,53,42,8,50,0,126,3,1,4,512,129,3.2,1.353,8.4,0.6,3.8,9.5,2.52
247,Jackson Stephens,28,ATL,NL,3,3,0.5,3.69,39,1,24,0,0,2,53.2,49,32,22,3,23,4,47,3,0,1,235,111,3.54,1.342,8.2,0.5,3.9,7.9,2.04
248,Chris Stratton,31,TOT,NL,10,4,0.714,4.26,60,1,23,0,0,2,63.1,72,34,30,4,25,2,60,2,0,4,279,95,3.32,1.532,10.2,0.6,3.6,8.5,2.4
249,Spencer Strider,23,ATL,NL,11,5,0.688,2.67,31,20,3,0,0,0,131.2,86,42,39,7,45,1,202,3,0,6,528,152,1.83,0.995,5.9,0.5,3.1,13.8,4.49
250,Ross Stripling,32,TOR,AL,10,4,0.714,3.01,32,24,2,0,0,1,134.1,117,49,45,12,20,0,111,2,0,0,536,129,3.11,1.02,7.8,0.8,1.3,7.4,5.55
251,Marcus Stroman,31,CHC,NL,6,7,0.462,3.5,25,25,0,0,0,0,138.2,123,61,54,16,36,0,119,4,2,2,569,117,3.76,1.147,8.0,1.0,2.3,7.7,3.31
252,José Suarez,24,LAA,AL,8,8,0.5,3.96,22,20,0,0,0,0,109.0,103,49,48,14,33,2,103,4,0,1,462,101,3.91,1.248,8.5,1.2,2.7,8.5,3.12
253,Ranger Suárez,26,PHI,NL,10,7,0.588,3.65,29,29,0,0,0,0,155.1,149,74,63,15,58,0,129,2,2,4,662,111,3.87,1.333,8.6,0.9,3.4,7.5,2.22
254,Brent Suter,32,MIL,NL,5,3,0.625,3.78,54,0,17,0,0,0,66.2,58,32,28,9,22,0,53,3,0,0,272,105,4.4,1.2,7.8,1.2,3.0,7.2,2.41
255,Noah Syndergaard,29,TOT,MLB,10,10,0.5,3.94,25,24,0,1,0,0,134.2,138,62,59,14,31,0,95,4,0,1,565,103,3.83,1.255,9.2,0.9,2.1,6.3,3.06
256,Noah Syndergaard,29,LAA,AL,5,8,0.385,3.83,15,15,0,0,0,0,80.0,75,36,34,9,22,0,64,4,0,0,338,105,3.95,1.213,8.4,1.0,2.5,7.2,2.91
257,Noah Syndergaard,29,PHI,NL,5,2,0.714,4.12,10,9,0,1,0,0,54.2,63,26,25,5,9,0,31,0,0,1,227,99,3.66,1.317,10.4,0.8,1.5,5.1,3.44
258,Jameson Taillon,30,NYY,AL,14,5,0.737,3.91,32,32,0,0,0,0,177.1,168,78,77,26,32,0,151,5,0,3,728,100,3.94,1.128,8.5,1.3,1.6,7.7,4.72
259,Dillon Tate,28,BAL,AL,4,4,0.5,3.05,67,0,13,0,0,5,73.2,57,29,25,6,16,2,60,7,0,3,292,132,3.48,0.991,7.0,0.7,2.0,7.3,3.75
260,Keegan Thompson,27,CHC,NL,10,5,0.667,3.76,29,17,4,0,0,1,115.0,103,54,48,16,43,0,108,9,0,5,485,109,4.4,1.27,8.1,1.3,3.4,8.5,2.51
261,Zach Thompson,28,PIT,NL,3,10,0.231,5.18,29,22,1,0,0,0,121.2,138,76,70,19,46,0,90,3,0,5,543,80,4.87,1.512,10.2,1.4,3.4,6.7,1.96
262,Duane Underwood Jr.,27,PIT,NL,1,6,0.143,4.4,51,1,9,0,0,1,57.1,58,35,28,1,25,1,57,5,0,5,259,95,2.92,1.448,9.1,0.2,3.9,8.9,2.28
263,José Ureña,30,TOT,NL,3,8,0.273,5.01,21,17,1,0,0,0,97.0,109,62,54,11,43,0,63,1,0,2,432,93,4.65,1.567,10.1,1.0,4.0,5.8,1.47
264,José Ureña,30,COL,NL,3,8,0.273,5.14,17,17,0,0,0,0,89.1,102,57,51,10,38,0,60,1,0,1,396,91,4.53,1.567,10.3,1.0,3.8,6.0,1.58
265,Julio Urías,25,LAD,NL,17,7,0.708,2.16,31,31,0,0,0,0,175.0,127,51,42,23,41,0,166,5,1,0,689,194,3.71,0.96,6.5,1.2,2.1,8.5,4.05
266,José Urquidy,27,HOU,AL,13,8,0.619,3.94,29,28,0,0,0,0,164.1,154,74,72,29,38,0,134,7,0,5,681,98,4.6,1.168,8.4,1.6,2.1,7.3,3.53
267,Framber Valdez,28,HOU,AL,17,6,0.739,2.82,31,31,0,3,1,0,201.1,166,71,63,11,67,0,194,11,1,11,827,137,3.06,1.157,7.4,0.5,3.0,8.7,2.9
268,Vince Velasquez,30,CHW,AL,3,3,0.5,4.78,27,9,8,0,0,0,75.1,68,42,40,11,25,0,69,2,1,1,319,83,4.25,1.235,8.1,1.3,3.0,8.2,2.76
269,Justin Verlander,39,HOU,AL,18,4,0.818,1.75,28,28,0,0,0,0,175.0,116,43,34,12,29,0,185,6,0,3,666,220,2.49,0.829,6.0,0.6,1.5,9.5,6.38
270,Will Vest,27,DET,AL,3,3,0.5,4.0,59,2,8,0,0,1,63.0,62,30,28,6,22,0,63,3,0,7,272,95,3.54,1.333,8.9,0.9,3.1,9.0,2.86
271,Austin Voth,30,TOT,MLB,5,4,0.556,4.34,41,17,1,0,0,0,101.2,111,52,49,14,31,0,90,3,0,5,442,92,4.13,1.397,9.8,1.2,2.7,8.0,2.9
272,Austin Voth,30,BAL,AL,5,4,0.556,3.04,22,17,0,0,0,0,83.0,77,30,28,10,25,0,72,3,0,3,348,132,3.96,1.229,8.3,1.1,2.7,7.8,2.88
273,Michael Wacha,30,BOS,AL,11,2,0.846,3.32,23,23,0,1,1,0,127.1,111,49,47,18,31,0,104,4,0,4,515,127,4.14,1.115,7.8,1.3,2.2,7.4,3.35
274,Adam Wainwright,40,STL,NL,11,12,0.478,3.71,32,32,0,1,0,0,191.2,192,80,79,16,54,1,143,7,0,5,803,103,3.66,1.283,9.0,0.8,2.5,6.7,2.65
275,Taijuan Walker,29,NYM,NL,12,5,0.706,3.49,29,29,0,0,0,0,157.1,143,63,61,15,45,1,132,6,0,0,649,111,3.65,1.195,8.2,0.9,2.6,7.6,2.93
276,Andrew Wantz,26,LAA,AL,2,1,0.667,3.22,42,1,7,0,0,0,50.1,37,19,18,8,21,0,52,2,1,2,204,125,4.48,1.152,6.6,1.4,3.8,9.3,2.48
277,Spenser Watkins,29,BAL,AL,5,6,0.455,4.7,23,20,1,0,0,0,105.1,119,59,55,11,30,0,63,4,1,3,459,85,4.24,1.415,10.2,0.9,2.6,5.4,2.1
278,Logan Webb,25,SFG,NL,15,9,0.625,2.9,32,32,0,0,0,0,192.1,174,76,62,11,49,0,163,7,0,6,787,139,3.03,1.159,8.1,0.5,2.3,7.6,3.33
279,Tyler Wells,27,BAL,AL,7,7,0.5,4.25,23,23,0,0,0,0,103.2,90,49,49,16,28,0,76,2,0,0,423,94,4.52,1.138,7.8,1.4,2.4,6.6,2.71
280,Zack Wheeler,32,PHI,NL,12,7,0.632,2.82,26,26,0,0,0,0,153.0,125,52,48,13,34,1,163,7,1,1,607,144,2.89,1.039,7.4,0.8,2.0,9.6,4.79
281,Mitch White,27,TOT,MLB,1,7,0.125,5.45,25,18,2,0,0,0,99.0,110,62,60,9,35,0,78,3,0,5,440,75,3.87,1.465,10.0,0.8,3.2,7.1,2.23
282,Mitch White,27,LAD,NL,1,2,0.333,3.7,15,10,1,0,0,0,56.0,51,25,23,6,19,0,47,2,0,4,237,114,3.95,1.25,8.2,1.0,3.1,7.6,2.47
283,Garrett Whitlock,26,BOS,AL,4,2,0.667,3.45,31,9,10,0,0,6,78.1,65,32,30,10,15,0,82,1,0,2,311,122,3.29,1.021,7.5,1.1,1.7,9.4,5.47
284,Trevor Williams,30,NYM,NL,3,5,0.375,3.21,30,9,5,0,0,1,89.2,87,34,32,12,23,1,84,4,0,1,372,120,3.88,1.227,8.7,1.2,2.3,8.4,3.65
285,Bryse Wilson,24,PIT,NL,3,9,0.25,5.52,25,20,0,0,0,0,115.2,132,80,71,20,32,1,79,9,0,2,509,75,5.06,1.418,10.3,1.6,2.5,6.1,2.47
286,Steven Wilson,27,SDP,NL,4,2,0.667,3.06,50,1,8,0,0,1,53.0,36,20,18,7,20,0,53,3,0,4,214,123,4.13,1.057,6.1,1.2,3.4,9.0,2.65
287,Josh Winckowski,24,BOS,AL,5,7,0.417,5.89,15,14,1,0,0,0,70.1,85,47,46,10,27,1,44,2,0,0,316,72,4.95,1.592,10.9,1.3,3.5,5.6,1.63
288,Josh Winder,25,MIN,AL,4,6,0.4,4.7,15,11,0,0,0,0,67.0,69,37,35,11,18,0,47,5,0,2,287,82,4.87,1.299,9.3,1.5,2.4,6.3,2.61
289,Alex Wood,31,SFG,NL,8,12,0.4,5.1,26,26,0,0,0,0,130.2,132,78,74,17,30,1,131,12,0,4,555,79,3.76,1.24,9.1,1.2,2.1,9.0,4.37
290,Brandon Woodruff,29,MIL,NL,13,4,0.765,3.05,27,27,0,0,0,0,153.1,122,56,52,18,42,0,190,5,0,2,620,129,3.08,1.07,7.2,1.1,2.5,11.2,4.52
291,Kyle Wright,26,ATL,NL,21,5,0.808,3.19,30,30,0,0,0,0,180.1,156,67,64,19,53,0,174,9,0,7,738,127,3.58,1.159,7.8,0.9,2.6,8.7,3.28
292,Ryan Yarbrough,30,TBR,AL,3,8,0.273,4.5,20,9,2,0,0,0,80.0,88,44,40,12,22,0,61,11,0,3,355,81,4.77,1.375,9.9,1.4,2.5,6.9,2.77
293,Bruce Zimmermann,27,BAL,AL,2,5,0.286,5.99,15,13,1,0,0,0,73.2,97,52,49,21,12,0,49,2,0,1,320,67,6.06,1.48,11.9,2.6,1.5,6.0,4.08
